city,sensor_id,pollutant_name,units,value,avg,min,max,median,datetimeFrom_utc,datetimeTo_utc,percentCoverage,observedCount,expectedCount
São Paulo,13546,no2,µg/m³,40.9,40.93344512096671,9.227272987365723,100.0,39.16136360168457,2017-01-01T02:00:00Z,2018-01-01T02:00:00Z,24.0,86,365
São Paulo,13547,o3,µg/m³,36.7,36.74586794230827,0.3333333432674408,96.09091186523438,35.86956596374512,2017-01-01T02:00:00Z,2018-01-01T02:00:00Z,24.0,86,365
São Paulo,13547,o3,µg/m³,55.4,55.40093794028485,0.0,428.0,52.260868072509766,2021-01-01T03:00:00Z,2022-01-01T03:00:00Z,88.0,323,365
São Paulo,13547,o3,µg/m³,49.6,49.62939689220877,0.0,773.0,46.0,2022-01-01T03:00:00Z,2023-01-01T03:00:00Z,96.0,349,365
São Paulo,13547,o3,µg/m³,45.3,45.295179663072936,4.0,85.35,45.91304347826087,2023-01-01T03:00:00Z,2024-01-01T03:00:00Z,14.0,51,365
São Paulo,13548,pm25,µg/m³,21.8,21.767712202529573,0.0,52.33333206176758,20.775253295898438,2017-01-01T02:00:00Z,2018-01-01T02:00:00Z,24.0,86,365
São Paulo,13548,pm25,µg/m³,13.6,13.639213288917595,0.0,87.5,11.625,2021-01-01T03:00:00Z,2022-01-01T03:00:00Z,90.0,329,365
São Paulo,13548,pm25,µg/m³,12.8,12.797137267722023,0.0,43.0,10.645833492279053,2022-01-01T03:00:00Z,2023-01-01T03:00:00Z,99.0,360,365
São Paulo,13548,pm25,µg/m³,11.8,11.799570908352383,0.0,27.66666603088379,11.916666666666666,2023-01-01T03:00:00Z,2024-01-01T03:00:00Z,14.0,51,365
São Paulo,13735,co,ppm,0.558,0.5583766637576951,0.07500000298023224,1.5299999713897705,0.49817928671836853,2017-01-01T02:00:00Z,2018-01-01T02:00:00Z,25.0,90,365
São Paulo,13735,co,ppm,0.397,0.3968058960996275,0.10000000149011612,0.9090909361839294,0.4000000059604645,2021-01-01T03:00:00Z,2022-01-01T03:00:00Z,35.0,127,365
São Paulo,13735,co,ppm,0.586,0.5864290765885796,0.03846153989434242,3.859999895095825,0.48452380299568176,2022-01-01T03:00:00Z,2023-01-01T03:00:00Z,96.0,350,365
São Paulo,13735,co,ppm,0.46,0.45975834729486437,0.17272727191448212,0.9565217391304348,0.4249999999999999,2023-01-01T03:00:00Z,2024-01-01T03:00:00Z,14.0,51,365
São Paulo,13736,no2,µg/m³,47.3,47.29261070887248,10.090909004211426,92.5,44.774248123168945,2017-01-01T02:00:00Z,2018-01-01T02:00:00Z,25.0,90,365
São Paulo,13736,no2,µg/m³,33.0,33.01086073073606,5.7272725105285645,121.11111111111111,29.72282600402832,2021-01-01T03:00:00Z,2022-01-01T03:00:00Z,76.0,278,365
São Paulo,13736,no2,µg/m³,38.9,38.91794259064681,10.0,137.2857208251953,36.47727394104004,2022-01-01T03:00:00Z,2023-01-01T03:00:00Z,78.0,286,365
São Paulo,13736,no2,µg/m³,35.8,35.83304759760027,13.136363983154297,62.083333333333336,36.95454545454545,2023-01-01T03:00:00Z,2024-01-01T03:00:00Z,14.0,51,365
São Paulo,13737,o3,µg/m³,34.6,34.599886531300015,2.3125,83.31818389892578,33.48309135437012,2017-01-01T02:00:00Z,2018-01-01T02:00:00Z,25.0,90,365
São Paulo,13737,o3,µg/m³,31.5,31.53185404463457,0.0,68.28571428571429,29.238094329833984,2021-01-01T03:00:00Z,2022-01-01T03:00:00Z,94.0,343,365
São Paulo,13737,o3,µg/m³,32.4,32.375246568095115,0.0,294.3333435058594,30.74350643157959,2022-01-01T03:00:00Z,2023-01-01T03:00:00Z,92.0,336,365
São Paulo,13737,o3,µg/m³,29.0,28.98837991648468,0.0,57.285714285714285,28.041666666666668,2023-01-01T03:00:00Z,2024-01-01T03:00:00Z,14.0,51,365
São Paulo,13570,pm10,µg/m³,34.5,34.51528902751644,5.818181991577148,79.73912811279297,32.37857246398926,2017-01-01T02:00:00Z,2018-01-01T02:00:00Z,22.0,82,365
São Paulo,13570,pm10,µg/m³,25.8,25.837542144168705,0.0,113.33333587646484,21.25,2021-01-01T03:00:00Z,2022-01-01T03:00:00Z,81.0,295,365
São Paulo,13570,pm10,µg/m³,28.5,28.537646458554175,2.8333332538604736,124.36363983154297,24.54166603088379,2022-01-01T03:00:00Z,2023-01-01T03:00:00Z,69.0,253,365
São Paulo,13570,pm10,µg/m³,9.66,9.658277030190733,0.0,27.20833396911621,8.5,2023-01-01T03:00:00Z,2024-01-01T03:00:00Z,7.0,25,365
São Paulo,13738,pm25,µg/m³,14.9,14.915722155570984,4.0,33.33333206176758,15.809288024902344,2017-01-01T02:00:00Z,2018-01-01T02:00:00Z,5.0,20,365
São Paulo,13738,pm25,µg/m³,17.0,16.997316743985866,1.3333333730697632,75.0,13.823529243469238,2021-01-01T03:00:00Z,2022-01-01T03:00:00Z,72.0,261,365
São Paulo,13738,pm25,µg/m³,14.2,14.17681909044737,0.0,44.91666793823242,12.380952835083008,2022-01-01T03:00:00Z,2023-01-01T03:00:00Z,71.0,259,365
São Paulo,13607,co,ppm,0.841,0.8412157384788289,0.34285715222358704,1.7400000095367432,0.8026315867900848,2017-01-01T02:00:00Z,2018-01-01T02:00:00Z,19.0,68,365
São Paulo,13607,co,ppm,0.845,0.8445576744540683,0.30000001192092896,2.668750047683716,0.7604166567325592,2021-01-01T03:00:00Z,2022-01-01T03:00:00Z,58.0,212,365
São Paulo,13607,co,ppm,1.07,1.0698789202494863,0.5199999809265137,3.366666555404663,0.9750000238418579,2022-01-01T03:00:00Z,2023-01-01T03:00:00Z,92.0,337,365
São Paulo,13607,co,ppm,0.883,0.8832300786037859,0.550000011920929,1.2083333333333333,0.8708333333333335,2023-01-01T03:00:00Z,2024-01-01T03:00:00Z,14.0,51,365
São Paulo,13609,no2,µg/m³,68.6,68.59386273530814,0.0,149.5,69.0,2017-01-01T02:00:00Z,2018-01-01T02:00:00Z,14.0,52,365
São Paulo,13609,no2,µg/m³,62.4,62.432611309258554,28.478260040283203,122.16666412353516,59.60416666666667,2021-01-01T03:00:00Z,2022-01-01T03:00:00Z,92.0,336,365
São Paulo,13609,no2,µg/m³,65.3,65.25163205648434,0.0,158.2916717529297,63.58333396911621,2022-01-01T03:00:00Z,2023-01-01T03:00:00Z,95.0,346,365
São Paulo,13609,no2,µg/m³,59.9,59.92308585116176,30.5,91.0,61.666666666666664,2023-01-01T03:00:00Z,2024-01-01T03:00:00Z,14.0,51,365
São Paulo,13653,pm10,µg/m³,38.2,38.18269432218451,0.0,83.86956787109375,35.41304397583008,2017-01-01T02:00:00Z,2018-01-01T02:00:00Z,21.0,76,365
São Paulo,13653,pm10,µg/m³,27.4,27.39376084215922,0.0,84.0,23.770833015441895,2021-01-01T03:00:00Z,2022-01-01T03:00:00Z,92.0,336,365
São Paulo,13653,pm10,µg/m³,25.6,25.578570733042383,0.2142857164144516,74.70833587646484,22.70710849761963,2022-01-01T03:00:00Z,2023-01-01T03:00:00Z,99.0,362,365
São Paulo,13653,pm10,µg/m³,21.1,21.14223014601451,10.875,40.875,20.458333015441895,2023-01-01T03:00:00Z,2024-01-01T03:00:00Z,14.0,50,365
São Paulo,13654,pm25,µg/m³,23.5,23.51781950721258,7.2727274894714355,47.79999923706055,21.727272033691406,2017-01-01T02:00:00Z,2018-01-01T02:00:00Z,22.0,79,365
São Paulo,13654,pm25,µg/m³,16.6,16.601015569978795,0.0,58.25,14.458333015441895,2021-01-01T03:00:00Z,2022-01-01T03:00:00Z,92.0,336,365
São Paulo,13654,pm25,µg/m³,15.7,15.712161440224875,0.0,54.70833206176758,14.083333015441895,2022-01-01T03:00:00Z,2023-01-01T03:00:00Z,98.0,357,365
São Paulo,13654,pm25,µg/m³,13.5,13.535794602612684,6.666666507720947,25.705882352941178,13.458333333333334,2023-01-01T03:00:00Z,2024-01-01T03:00:00Z,14.0,51,365
São Paulo,13608,so2,µg/m³,3.54,3.5440720144440148,1.0,7.045454502105713,3.371212124824524,2017-01-01T02:00:00Z,2018-01-01T02:00:00Z,19.0,68,365
São Paulo,13608,so2,µg/m³,2.05,2.045928174769556,0.0,6.333333492279053,1.875,2021-01-01T03:00:00Z,2022-01-01T03:00:00Z,92.0,336,365
São Paulo,13608,so2,µg/m³,1.9,1.8969003745349566,0.0,7.714285850524902,1.6666666269302368,2022-01-01T03:00:00Z,2023-01-01T03:00:00Z,99.0,362,365
São Paulo,13608,so2,µg/m³,1.37,1.3731092433079062,0.5833333333333334,3.3333333333333335,1.25,2023-01-01T03:00:00Z,2024-01-01T03:00:00Z,14.0,51,365
São Paulo,13649,co,ppm,0.59,0.5902407750487327,0.16818182170391083,1.3045454025268555,0.5745989382266998,2017-01-01T02:00:00Z,2018-01-01T02:00:00Z,27.0,100,365
São Paulo,13649,co,ppm,0.444,0.4436142274865278,0.09565217047929764,1.274999976158142,0.395652174949646,2021-01-01T03:00:00Z,2022-01-01T03:00:00Z,86.0,313,365
São Paulo,13649,co,ppm,0.511,0.5110444945529995,0.10869564861059189,1.6333333253860474,0.4714285731315613,2022-01-01T03:00:00Z,2023-01-01T03:00:00Z,96.0,351,365
São Paulo,13649,co,ppm,0.494,0.49353190735711594,0.17391304347826086,0.9357142857142857,0.4672826086956523,2023-01-01T03:00:00Z,2024-01-01T03:00:00Z,14.0,50,365
São Paulo,13650,no2,µg/m³,50.7,50.72223438535418,8.818181991577148,101.2727279663086,47.863637924194336,2017-01-01T02:00:00Z,2018-01-01T02:00:00Z,27.0,98,365
São Paulo,13650,no2,µg/m³,32.6,32.62104476895593,0.0,98.86956787109375,28.60869598388672,2021-01-01T03:00:00Z,2022-01-01T03:00:00Z,93.0,339,365
São Paulo,13650,no2,µg/m³,31.9,31.889933955251124,1.3333333730697632,88.33333587646484,29.5,2022-01-01T03:00:00Z,2023-01-01T03:00:00Z,94.0,342,365
São Paulo,13650,no2,µg/m³,35.3,35.334364873322855,11.17391300201416,71.36363636363636,34.19565217391305,2023-01-01T03:00:00Z,2024-01-01T03:00:00Z,14.0,50,365
São Paulo,13651,pm10,µg/m³,32.6,32.56765011310577,5.6086955070495605,75.3499984741211,31.07487964630127,2017-01-01T02:00:00Z,2018-01-01T02:00:00Z,27.0,100,365
São Paulo,13651,pm10,µg/m³,24.1,24.105065576711787,0.0,99.4000015258789,20.25,2021-01-01T03:00:00Z,2022-01-01T03:00:00Z,87.0,317,365
São Paulo,13651,pm10,µg/m³,23.3,23.325517926992994,3.3333332538604736,76.33333587646484,19.8125,2022-01-01T03:00:00Z,2023-01-01T03:00:00Z,98.0,356,365
São Paulo,13651,pm10,µg/m³,19.0,18.97650415668132,4.583333492279053,38.4375,17.604166666666664,2023-01-01T03:00:00Z,2024-01-01T03:00:00Z,14.0,50,365
São Paulo,13652,so2,µg/m³,3.09,3.0854452964663506,0.0,8.1578950881958,3.068181872367859,2017-01-01T02:00:00Z,2018-01-01T02:00:00Z,27.0,100,365
São Paulo,13652,so2,µg/m³,1.33,1.3250558839395181,0.0,5.5217390060424805,1.115217387676239,2021-01-01T03:00:00Z,2022-01-01T03:00:00Z,91.0,332,365
São Paulo,13652,so2,µg/m³,1.38,1.383928075954318,0.0,11.045454978942871,1.0,2022-01-01T03:00:00Z,2023-01-01T03:00:00Z,96.0,350,365
São Paulo,13652,so2,µg/m³,0.473,0.47295829669494827,0.0,2.5217391304347827,0.2391304347826087,2023-01-01T03:00:00Z,2024-01-01T03:00:00Z,14.0,50,365
São Paulo,13682,co,ppm,0.2,0.19975550580281942,0.014285714365541935,0.6399999856948853,0.1667105332016945,2017-01-01T02:00:00Z,2018-01-01T02:00:00Z,23.0,84,365
São Paulo,13682,co,ppm,0.302,0.3018267317775942,0.10000000149011612,1.1399999856948853,0.25,2021-01-01T03:00:00Z,2022-01-01T03:00:00Z,92.0,336,365
São Paulo,13682,co,ppm,0.315,0.3145344683693515,0.09545454382896423,1.4333332777023315,0.25,2022-01-01T03:00:00Z,2023-01-01T03:00:00Z,94.0,342,365
São Paulo,13682,co,ppm,0.225,0.2254873510352558,0.09583333134651184,0.5,0.2086309523809524,2023-01-01T03:00:00Z,2024-01-01T03:00:00Z,9.0,32,365
São Paulo,13683,no2,µg/m³,32.4,32.399202829454005,7.0714287757873535,87.22222137451172,32.02380847930908,2017-01-01T02:00:00Z,2018-01-01T02:00:00Z,22.0,82,365
São Paulo,13683,no2,µg/m³,24.8,24.785246138329413,0.0,73.73912811279297,21.560606002807617,2021-01-01T03:00:00Z,2022-01-01T03:00:00Z,92.0,334,365
São Paulo,13683,no2,µg/m³,25.1,25.100454928218454,7.25,82.33333587646484,22.14583396911621,2022-01-01T03:00:00Z,2023-01-01T03:00:00Z,76.0,276,365
São Paulo,13683,no2,µg/m³,19.7,19.723883918637316,9.708333015441895,33.666666666666664,18.729166666666668,2023-01-01T03:00:00Z,2024-01-01T03:00:00Z,9.0,32,365
São Paulo,13684,o3,µg/m³,51.5,51.454546408993856,3.2352941036224365,114.23809814453125,50.095237731933594,2017-01-01T02:00:00Z,2018-01-01T02:00:00Z,23.0,84,365
São Paulo,13684,o3,µg/m³,47.4,47.35245123979172,8.0,83.54545593261719,45.5,2021-01-01T03:00:00Z,2022-01-01T03:00:00Z,92.0,335,365
São Paulo,13684,o3,µg/m³,46.7,46.68347551876848,8.666666984558105,91.45833587646484,45.9523811340332,2022-01-01T03:00:00Z,2023-01-01T03:00:00Z,96.0,352,365
São Paulo,13684,o3,µg/m³,43.3,43.3395090279125,12.666666666666666,68.375,44.83333333333333,2023-01-01T03:00:00Z,2024-01-01T03:00:00Z,9.0,32,365
São Paulo,13685,pm25,µg/m³,22.9,22.913392368952433,4.130434989929199,67.53333282470703,20.247474670410156,2017-01-01T02:00:00Z,2018-01-01T02:00:00Z,16.0,60,365
São Paulo,13685,pm25,µg/m³,17.4,17.39187949391751,0.0,53.33333206176758,15.047618865966797,2021-01-01T03:00:00Z,2022-01-01T03:00:00Z,76.0,279,365
São Paulo,13685,pm25,µg/m³,15.5,15.507619322417025,0.0,56.30434799194336,13.25,2022-01-01T03:00:00Z,2023-01-01T03:00:00Z,92.0,334,365
São Paulo,13685,pm25,µg/m³,9.33,9.32950146325997,2.875,20.79166603088379,8.526785714285715,2023-01-01T03:00:00Z,2024-01-01T03:00:00Z,9.0,32,365
São Paulo,13730,co,ppm,0.489,0.4894968078273242,0.20000000298023224,1.4833333492279053,0.4363636374473572,2017-01-01T02:00:00Z,2018-01-01T02:00:00Z,17.0,61,365
São Paulo,13730,co,ppm,0.361,0.36133771017329663,0.09130434691905975,1.475000023841858,0.291304349899292,2021-01-01T03:00:00Z,2022-01-01T03:00:00Z,90.0,329,365
São Paulo,13730,co,ppm,0.372,0.3722354019357061,0.08695652335882187,1.8043478727340698,0.2942546606063843,2022-01-01T03:00:00Z,2023-01-01T03:00:00Z,96.0,352,365
São Paulo,13730,co,ppm,0.294,0.2940215291035309,0.11739130318164825,0.6357142857142858,0.2683333333333333,2023-01-01T03:00:00Z,2024-01-01T03:00:00Z,13.0,48,365
São Paulo,13731,no2,µg/m³,50.3,50.275630209181045,26.65217399597168,109.55555725097656,47.832252502441406,2017-01-01T02:00:00Z,2018-01-01T02:00:00Z,15.0,54,365
São Paulo,13731,no2,µg/m³,35.7,35.72368114007452,9.086956977844238,87.0,32.08695602416992,2021-01-01T03:00:00Z,2022-01-01T03:00:00Z,80.0,293,365
São Paulo,13731,no2,µg/m³,35.0,35.00286687504161,8.0,105.39130401611328,31.39130401611328,2022-01-01T03:00:00Z,2023-01-01T03:00:00Z,96.0,352,365
São Paulo,13731,no2,µg/m³,30.3,30.28453404890063,10.739130020141602,58.69565217391305,29.956521739130434,2023-01-01T03:00:00Z,2024-01-01T03:00:00Z,14.0,51,365
São Paulo,13728,o3,µg/m³,42.7,42.71057133987302,3.8181817531585693,96.13636016845703,43.1363639831543,2017-01-01T02:00:00Z,2018-01-01T02:00:00Z,17.0,61,365
São Paulo,13728,o3,µg/m³,38.2,38.19998579360541,3.6666667461395264,77.77777862548828,36.043479919433594,2021-01-01T03:00:00Z,2022-01-01T03:00:00Z,90.0,330,365
São Paulo,13728,o3,µg/m³,39.6,39.572998783805154,7.0,84.73912811279297,38.5108699798584,2022-01-01T03:00:00Z,2023-01-01T03:00:00Z,96.0,352,365
São Paulo,13728,o3,µg/m³,43.2,43.18810094130581,15.666666666666666,70.65217391304348,43.89130434782609,2023-01-01T03:00:00Z,2024-01-01T03:00:00Z,13.0,48,365
São Paulo,13729,pm10,µg/m³,37.6,37.59057637183897,10.0,91.61111450195312,34.50103569030762,2017-01-01T02:00:00Z,2018-01-01T02:00:00Z,17.0,62,365
São Paulo,13729,pm10,µg/m³,29.6,29.585657463708532,1.0,210.39999389648438,22.7391300201416,2021-01-01T03:00:00Z,2022-01-01T03:00:00Z,82.0,299,365
São Paulo,13729,pm10,µg/m³,29.5,29.45493273437023,4.666666507720947,126.125,24.425724029541016,2022-01-01T03:00:00Z,2023-01-01T03:00:00Z,96.0,352,365
São Paulo,13729,pm10,µg/m³,25.0,24.955593140338387,11.294117647058824,39.625,25.34375,2023-01-01T03:00:00Z,2024-01-01T03:00:00Z,7.0,26,365
São Paulo,13701,pm25,µg/m³,24.4,24.39269374262902,6.5217390060424805,59.57143020629883,21.494071006774902,2017-01-01T02:00:00Z,2018-01-01T02:00:00Z,17.0,62,365
São Paulo,13701,pm25,µg/m³,17.2,17.15550166713273,3.4583332538604736,154.75,14.354166666666668,2021-01-01T03:00:00Z,2022-01-01T03:00:00Z,82.0,298,365
São Paulo,13701,pm25,µg/m³,14.7,14.734540486877615,2.3333332538604736,59.41666793823242,12.354166984558105,2022-01-01T03:00:00Z,2023-01-01T03:00:00Z,96.0,352,365
São Paulo,13701,pm25,µg/m³,11.8,11.750957734387987,3.75,23.764705882352942,11.416666666666666,2023-01-01T03:00:00Z,2024-01-01T03:00:00Z,14.0,51,365
São Paulo,5079362,co,ppm,0.378,0.37812499701976776,0.3499999940395355,0.40625,0.37812499701976776,2022-01-01T03:00:00Z,2023-01-01T03:00:00Z,1.0,2,365
São Paulo,5079360,no2,µg/m³,31.2,31.21875,29.0,33.4375,31.21875,2022-01-01T03:00:00Z,2023-01-01T03:00:00Z,1.0,2,365
São Paulo,5079359,pm25,µg/m³,10.2,10.15625,6.75,13.5625,10.15625,2022-01-01T03:00:00Z,2023-01-01T03:00:00Z,1.0,2,365
São Paulo,5079361,so2,µg/m³,1.72,1.71875,1.0,2.4375,1.71875,2022-01-01T03:00:00Z,2023-01-01T03:00:00Z,1.0,2,365
São Paulo,13720,co,ppm,0.544,0.5437672147899866,0.1090909093618393,1.4526315927505493,0.532575786113739,2017-01-01T02:00:00Z,2018-01-01T02:00:00Z,27.0,100,365
São Paulo,13720,co,ppm,0.51,0.5098239679781472,0.0,14.733333587646484,0.3083333373069763,2021-01-01T03:00:00Z,2022-01-01T03:00:00Z,70.0,254,365
São Paulo,13720,co,ppm,0.32,0.320440000217937,0.0,1.7000000476837158,0.25217390060424805,2022-01-01T03:00:00Z,2023-01-01T03:00:00Z,93.0,338,365
São Paulo,13720,co,ppm,0.149,0.14888738974022211,0.0,0.6250000000000001,0.11521739140152931,2023-01-01T03:00:00Z,2024-01-01T03:00:00Z,12.0,44,365
São Paulo,13721,o3,µg/m³,43.5,43.48307496547699,3.1111111640930176,92.31818389892578,44.56521797180176,2017-01-01T02:00:00Z,2018-01-01T02:00:00Z,27.0,100,365
São Paulo,13721,o3,µg/m³,44.6,44.62060756143569,9.399999618530273,77.29166412353516,42.83333206176758,2021-01-01T03:00:00Z,2022-01-01T03:00:00Z,92.0,335,365
São Paulo,13721,o3,µg/m³,45.3,45.33282463649321,12.0,85.95833587646484,44.89583396911621,2022-01-01T03:00:00Z,2023-01-01T03:00:00Z,93.0,338,365
São Paulo,13721,o3,µg/m³,42.5,42.51431622022069,10.4,89.125,44.857142857142854,2023-01-01T03:00:00Z,2024-01-01T03:00:00Z,12.0,45,365
São Paulo,13722,pm10,µg/m³,37.0,37.01401109165616,0.0,70.5,37.82608604431152,2017-01-01T02:00:00Z,2018-01-01T02:00:00Z,25.0,90,365
São Paulo,13722,pm10,µg/m³,0.0,0.0,0.0,0.0,0.0,2022-01-01T03:00:00Z,2023-01-01T03:00:00Z,0.0,1,365
São Paulo,391213,pm25,µg/m³,14.9,14.851685145175415,0.0,66.0,12.708333015441895,2021-01-01T03:00:00Z,2022-01-01T03:00:00Z,79.0,287,365
São Paulo,391213,pm25,µg/m³,13.4,13.406167408999275,0.0,40.79166793823242,12.125,2022-01-01T03:00:00Z,2023-01-01T03:00:00Z,88.0,323,365
São Paulo,391213,pm25,µg/m³,15.1,15.072980879742325,0.0,66.375,13.166666666666668,2023-01-01T03:00:00Z,2024-01-01T03:00:00Z,13.0,46,365
São Paulo,13723,o3,µg/m³,36.0,35.96988748326898,0.13636364042758942,75.31818389892578,34.639129638671875,2017-01-01T02:00:00Z,2018-01-01T02:00:00Z,27.0,100,365
São Paulo,13723,o3,µg/m³,33.0,32.979163745642985,0.0,85.625,30.36174201965332,2021-01-01T03:00:00Z,2022-01-01T03:00:00Z,86.0,314,365
São Paulo,13723,o3,µg/m³,35.1,35.12382386397507,1.3333333730697632,83.0,33.89583396911621,2022-01-01T03:00:00Z,2023-01-01T03:00:00Z,97.0,354,365
São Paulo,13723,o3,µg/m³,32.1,32.05444578630139,1.0,55.208333333333336,33.41666793823242,2023-01-01T03:00:00Z,2024-01-01T03:00:00Z,10.0,37,365
São Paulo,13724,pm10,µg/m³,35.6,35.607760825157165,6.7272725105285645,84.47368621826172,31.955533981323242,2017-01-01T02:00:00Z,2018-01-01T02:00:00Z,27.0,100,365
São Paulo,13724,pm10,µg/m³,26.5,26.4603565721399,4.636363506317139,111.19999694824219,22.020833015441895,2021-01-01T03:00:00Z,2022-01-01T03:00:00Z,82.0,298,365
São Paulo,13724,pm10,µg/m³,24.0,24.03908218608024,0.0,76.58333587646484,21.125,2022-01-01T03:00:00Z,2023-01-01T03:00:00Z,97.0,353,365
São Paulo,13724,pm10,µg/m³,18.9,18.893788611457197,5.416666507720947,38.625,18.208333333333336,2023-01-01T03:00:00Z,2024-01-01T03:00:00Z,12.0,42,365
São Paulo,13774,o3,µg/m³,33.0,32.951050056765474,0.0,96.8125,34.15217399597168,2017-01-01T02:00:00Z,2018-01-01T02:00:00Z,20.0,72,365
São Paulo,13774,o3,µg/m³,38.9,38.916946979630254,4.25,80.25,38.22321319580078,2021-01-01T03:00:00Z,2022-01-01T03:00:00Z,87.0,316,365
São Paulo,13774,o3,µg/m³,34.6,34.58563188416242,4.5714287757873535,77.375,34.70833206176758,2022-01-01T03:00:00Z,2023-01-01T03:00:00Z,99.0,363,365
São Paulo,13774,o3,µg/m³,32.7,32.66789117462781,7.0,48.95238095238095,33.333333333333336,2023-01-01T03:00:00Z,2024-01-01T03:00:00Z,10.0,35,365
São Paulo,13769,pm25,µg/m³,21.5,21.521653848218506,0.095238097012043,46.894737243652344,20.434782028198242,2017-01-01T02:00:00Z,2018-01-01T02:00:00Z,24.0,87,365
São Paulo,13769,pm25,µg/m³,17.6,17.57472319548095,0.0,184.375,14.208333015441895,2021-01-01T03:00:00Z,2022-01-01T03:00:00Z,80.0,293,365
São Paulo,13769,pm25,µg/m³,14.6,14.593340297340912,0.0,51.20833206176758,12.818181991577148,2022-01-01T03:00:00Z,2023-01-01T03:00:00Z,94.0,343,365
São Paulo,13769,pm25,µg/m³,12.1,12.061230570659637,4.416666507720947,27.58823529411765,11.0,2023-01-01T03:00:00Z,2024-01-01T03:00:00Z,14.0,51,365
São Paulo,13785,co,ppm,0.518,0.5180974271858022,0.10000000149011612,1.644444465637207,0.47208237648010254,2017-01-01T02:00:00Z,2018-01-01T02:00:00Z,23.0,84,365
São Paulo,13785,co,ppm,0.421,0.4213191909800767,0.13333334028720856,2.031818151473999,0.3375000059604645,2021-01-01T03:00:00Z,2022-01-01T03:00:00Z,93.0,339,365
São Paulo,13785,co,ppm,0.443,0.4432290201427556,0.15833333134651184,2.7333333492279053,0.3571428656578064,2022-01-01T03:00:00Z,2023-01-01T03:00:00Z,98.0,357,365
São Paulo,13785,co,ppm,0.357,0.3569154306902859,0.15416666666666673,0.725,0.3333333333333333,2023-01-01T03:00:00Z,2024-01-01T03:00:00Z,14.0,51,365
São Paulo,13786,no2,µg/m³,41.0,40.95228716693347,10.199999809265137,81.94444274902344,39.349998474121094,2017-01-01T02:00:00Z,2018-01-01T02:00:00Z,22.0,79,365
São Paulo,13786,no2,µg/m³,27.5,27.542658144629666,0.0,75.25,24.1,2021-01-01T03:00:00Z,2022-01-01T03:00:00Z,92.0,337,365
São Paulo,13786,no2,µg/m³,27.5,27.460909219469343,6.458333492279053,90.0,23.91666603088379,2022-01-01T03:00:00Z,2023-01-01T03:00:00Z,96.0,350,365
São Paulo,13786,no2,µg/m³,23.5,23.504321811187012,6.375,53.76470588235294,21.0,2023-01-01T03:00:00Z,2024-01-01T03:00:00Z,14.0,51,365
São Paulo,13787,o3,µg/m³,47.7,47.734755850973585,4.4285712242126465,92.95237731933594,44.04999923706055,2017-01-01T02:00:00Z,2018-01-01T02:00:00Z,23.0,84,365
São Paulo,13787,o3,µg/m³,40.1,40.059447994747046,1.6666666269302368,77.25,38.97916666666667,2021-01-01T03:00:00Z,2022-01-01T03:00:00Z,90.0,328,365
São Paulo,13787,o3,µg/m³,38.8,38.81450985945188,1.0,77.26087188720703,38.25,2022-01-01T03:00:00Z,2023-01-01T03:00:00Z,96.0,351,365
São Paulo,13787,o3,µg/m³,41.8,41.75877572715603,9.333333333333334,67.875,41.708333333333336,2023-01-01T03:00:00Z,2024-01-01T03:00:00Z,14.0,51,365
São Paulo,13788,pm10,µg/m³,40.7,40.73983247981352,5.130434989929199,90.05555725097656,37.21739196777344,2017-01-01T02:00:00Z,2018-01-01T02:00:00Z,23.0,85,365
São Paulo,13788,pm10,µg/m³,26.9,26.904911769322805,7.541666507720947,85.66666412353516,22.745471000671387,2021-01-01T03:00:00Z,2022-01-01T03:00:00Z,94.0,344,365
São Paulo,13788,pm10,µg/m³,24.5,24.549935010150282,3.0,71.54166412353516,21.125,2022-01-01T03:00:00Z,2023-01-01T03:00:00Z,98.0,359,365
São Paulo,13788,pm10,µg/m³,21.2,21.178828201062434,5.916666507720947,38.9375,20.666666666666668,2023-01-01T03:00:00Z,2024-01-01T03:00:00Z,14.0,51,365
São Paulo,391216,pm25,µg/m³,15.5,15.465840052628964,2.75,53.666666666666664,13.083333015441895,2021-01-01T03:00:00Z,2022-01-01T03:00:00Z,94.0,343,365
São Paulo,391216,pm25,µg/m³,14.1,14.110000321792029,0.0,58.64285659790039,11.916666984558105,2022-01-01T03:00:00Z,2023-01-01T03:00:00Z,98.0,359,365
São Paulo,391216,pm25,µg/m³,12.5,12.534159251936071,3.5,24.58333396911621,12.25,2023-01-01T03:00:00Z,2024-01-01T03:00:00Z,14.0,51,365
São Paulo,13789,so2,µg/m³,3.83,3.829705831202039,0.0,18.5,3.6956522464752197,2017-01-01T02:00:00Z,2018-01-01T02:00:00Z,23.0,83,365
São Paulo,13789,so2,µg/m³,1.79,1.7936347047432144,0.0,12.434782981872559,1.2916666269302368,2021-01-01T03:00:00Z,2022-01-01T03:00:00Z,89.0,324,365
São Paulo,13789,so2,µg/m³,1.75,1.745408359274567,0.0,9.818181991577148,1.5416666269302368,2022-01-01T03:00:00Z,2023-01-01T03:00:00Z,96.0,349,365
São Paulo,13789,so2,µg/m³,1.13,1.1273680119710061,0.0,3.619047619047619,1.0625,2023-01-01T03:00:00Z,2024-01-01T03:00:00Z,14.0,50,365
São Paulo,3271948,pm25,µg/m³,13.5,13.502338703939644,1.5,57.22499999999999,11.445833333333333,2023-01-01T03:00:00Z,2024-01-01T03:00:00Z,70.0,257,365
São Paulo,3271948,pm25,µg/m³,14.5,14.47315947213254,1.1416666666666666,69.59583333333333,10.183333333333332,2024-01-01T03:00:00Z,2025-01-01T03:00:00Z,86.0,314,366
São Paulo,3271948,pm25,µg/m³,7.95,7.950947971781305,3.0416666666666665,14.25,7.716666666666668,2025-01-01T03:00:00Z,2026-01-01T03:00:00Z,17.0,63,365
Rio de Janeiro,4475452,co,ppm,0.391,0.39095311508029523,-0.0037499999999999986,1.3357142857142859,0.36763636363636365,2023-01-01T03:00:00Z,2024-01-01T03:00:00Z,61.0,222,365
Rio de Janeiro,4475452,co,ppm,0.394,0.3944327492139693,0.07,0.9231249999999999,0.37200000000000005,2024-01-01T03:00:00Z,2025-01-01T03:00:00Z,94.0,343,366
Rio de Janeiro,4475452,co,ppm,0.315,0.31514087138329394,-0.33416666666666667,0.705,0.31062500000000004,2025-01-01T03:00:00Z,2026-01-01T03:00:00Z,43.0,158,365
Rio de Janeiro,4475460,o3,µg/m³,36.9,36.94976273079172,0.72,104.24583333333334,35.03,2023-01-01T03:00:00Z,2024-01-01T03:00:00Z,62.0,227,365
Rio de Janeiro,4475460,o3,µg/m³,31.2,31.24281927447317,3.4149999999999996,82.08222222222224,29.204928571428574,2024-01-01T03:00:00Z,2025-01-01T03:00:00Z,97.0,356,366
Rio de Janeiro,4475460,o3,µg/m³,34.3,34.27640306167165,2.36625,78.80749999999999,32.193478260869576,2025-01-01T03:00:00Z,2026-01-01T03:00:00Z,75.0,275,365
Rio de Janeiro,6344694,pm10,µg/m³,50.7,50.657044489893075,19.929410934448242,156.33375,45.926180124223606,2023-01-01T03:00:00Z,2024-01-01T03:00:00Z,35.0,128,365
Rio de Janeiro,6344694,pm10,µg/m³,39.4,39.40935891250738,12.402000000000001,94.75050354003906,35.74253846153846,2024-01-01T03:00:00Z,2025-01-01T03:00:00Z,94.0,344,366
Rio de Janeiro,6344694,pm10,µg/m³,37.0,37.03123269171223,1.7721052631578948,80.46500000000002,34.494375,2025-01-01T03:00:00Z,2026-01-01T03:00:00Z,66.0,240,365
Rio de Janeiro,4475465,o3,µg/m³,25.3,25.270431080843192,0.255,63.58434782608695,23.796666666666663,2023-01-01T03:00:00Z,2024-01-01T03:00:00Z,72.0,263,365
Rio de Janeiro,4475465,o3,µg/m³,29.1,29.122976528834688,2.563913043478261,83.13133333333333,27.06153846153846,2024-01-01T03:00:00Z,2025-01-01T03:00:00Z,98.0,359,366
Rio de Janeiro,4475465,o3,µg/m³,36.2,36.165209974363066,11.133333333333335,75.13624999999998,34.93416666666666,2025-01-01T03:00:00Z,2026-01-01T03:00:00Z,78.0,285,365
Rio de Janeiro,4475471,pm10,µg/m³,30.9,30.886315292859784,3.7725,109.614,29.492000579833984,2023-01-01T03:00:00Z,2024-01-01T03:00:00Z,72.0,263,365
Rio de Janeiro,4475471,pm10,µg/m³,30.1,30.054680117871712,8.984545454545454,66.21588235294118,28.309285714285714,2024-01-01T03:00:00Z,2025-01-01T03:00:00Z,67.0,247,366
Rio de Janeiro,4475471,pm10,µg/m³,24.5,24.47312482548962,10.114166666666668,52.123333333333335,22.888333333333335,2025-01-01T03:00:00Z,2026-01-01T03:00:00Z,79.0,287,365
Rio de Janeiro,4475463,o3,µg/m³,26.0,25.974416392168983,0.0,108.17,23.655555555555555,2023-01-01T03:00:00Z,2024-01-01T03:00:00Z,62.0,225,365
Rio de Janeiro,4475463,o3,µg/m³,26.2,26.185262401895507,0.65,49.3523076923077,24.92910714285714,2024-01-01T03:00:00Z,2025-01-01T03:00:00Z,14.0,50,366
Rio de Janeiro,4475456,pm10,µg/m³,41.0,40.96262076363697,11.912105263157894,111.20538461538462,36.53966346153845,2023-01-01T03:00:00Z,2024-01-01T03:00:00Z,61.0,224,365
Rio de Janeiro,4475456,pm10,µg/m³,34.7,34.723768332628914,12.707500000000001,55.785714285714285,34.82133333333333,2024-01-01T03:00:00Z,2025-01-01T03:00:00Z,7.0,26,366
Rio de Janeiro,4475446,no,µg/m³,27.6,27.619701090695862,1.5062499999999996,166.44769230769228,9.424166666666668,2023-01-01T03:00:00Z,2024-01-01T03:00:00Z,66.0,242,365
Rio de Janeiro,4475446,no,µg/m³,10.7,10.673843898824662,1.79,49.858695652173914,9.314805555555555,2024-01-01T03:00:00Z,2025-01-01T03:00:00Z,97.0,354,366
Rio de Janeiro,4475446,no,µg/m³,11.6,11.5892724748311,2.804583333333333,52.6,10.572083333333333,2025-01-01T03:00:00Z,2026-01-01T03:00:00Z,68.0,247,365
Rio de Janeiro,4475448,no2,µg/m³,27.9,27.89798453270838,3.448571428571429,67.59791666666668,27.91913043478261,2023-01-01T03:00:00Z,2024-01-01T03:00:00Z,66.0,242,365
Rio de Janeiro,4475448,no2,µg/m³,42.8,42.785370847730206,3.9905555555555554,114.03,38.912642857142856,2024-01-01T03:00:00Z,2025-01-01T03:00:00Z,97.0,354,366
Rio de Janeiro,4475448,no2,µg/m³,59.5,59.495839646186155,7.237083333333331,210.45041666666668,46.64333333333334,2025-01-01T03:00:00Z,2026-01-01T03:00:00Z,68.0,247,365
Rio de Janeiro,4475458,nox,µg/m³,46.9,46.89884897749077,12.077916666666667,130.90076923076924,40.63971014492754,2023-01-01T03:00:00Z,2024-01-01T03:00:00Z,66.0,242,365
Rio de Janeiro,4475458,nox,µg/m³,53.3,53.25607873807396,10.032222222222224,125.70500000000003,49.075721153846146,2024-01-01T03:00:00Z,2025-01-01T03:00:00Z,97.0,354,366
Rio de Janeiro,4475458,nox,µg/m³,71.0,71.04314819160845,15.107499999999996,246.24,58.828333333333326,2025-01-01T03:00:00Z,2026-01-01T03:00:00Z,68.0,247,365
Rio de Janeiro,4475447,o3,µg/m³,29.2,29.15929271677499,2.467142857142857,76.38708333333332,27.737699275362324,2023-01-01T03:00:00Z,2024-01-01T03:00:00Z,72.0,264,365
Rio de Janeiro,4475447,o3,µg/m³,29.8,29.768822676644746,2.68,94.815,27.788461538461544,2024-01-01T03:00:00Z,2025-01-01T03:00:00Z,96.0,353,366
Rio de Janeiro,4475447,o3,µg/m³,33.4,33.41398216831627,2.5933333333333337,87.49000000000001,32.98066666666667,2025-01-01T03:00:00Z,2026-01-01T03:00:00Z,77.0,281,365
Rio de Janeiro,4475445,pm10,µg/m³,33.7,33.67827929996514,7.62,75.41874999999999,31.54212121212121,2023-01-01T03:00:00Z,2024-01-01T03:00:00Z,72.0,264,365
Rio de Janeiro,4475445,pm10,µg/m³,38.1,38.1099533377845,12.4275,135.67,34.813750000000006,2024-01-01T03:00:00Z,2025-01-01T03:00:00Z,98.0,359,366
Rio de Janeiro,4475445,pm10,µg/m³,34.3,34.31726554261987,1.0,107.9385,33.4411858974359,2025-01-01T03:00:00Z,2026-01-01T03:00:00Z,79.0,290,365
Rio de Janeiro,13626664,pm10,µg/m³,19.6,19.607209872686894,3.0595833333333338,35.88583333333333,19.569851190476193,2025-01-01T03:00:00Z,2026-01-01T03:00:00Z,25.0,92,365
Rio de Janeiro,13626662,pm25,µg/m³,9.9,9.90107744935621,1.9183333333333337,22.875416666666666,9.086250000000001,2025-01-01T03:00:00Z,2026-01-01T03:00:00Z,25.0,92,365
Rio de Janeiro,13626934,pm10,µg/m³,20.3,20.341752775581348,3.1162499999999995,36.63,20.064999999999998,2025-01-01T03:00:00Z,2026-01-01T03:00:00Z,25.0,92,365
Rio de Janeiro,13626932,pm25,µg/m³,9.61,9.605492183985444,1.5966666666666665,23.559999999999995,7.986875000000001,2025-01-01T03:00:00Z,2026-01-01T03:00:00Z,25.0,92,365
Rio de Janeiro,14012772,pm10,µg/m³,13.8,13.846258662863137,2.794166666666666,27.29041666666667,12.881250000000001,2025-01-01T03:00:00Z,2026-01-01T03:00:00Z,14.0,50,365
Rio de Janeiro,14021533,pm25,µg/m³,9.71,9.706012304587388,1.9312500000000001,22.606249999999992,8.516666666666666,2025-01-01T03:00:00Z,2026-01-01T03:00:00Z,13.0,49,365
Rio de Janeiro,14013034,pm10,µg/m³,16.3,16.287268055469678,4.453333333333332,28.292916666666667,14.942083333333334,2025-01-01T03:00:00Z,2026-01-01T03:00:00Z,14.0,50,365
Rio de Janeiro,14013033,pm25,µg/m³,8.33,8.329692055731993,2.670833333333334,17.86541666666667,7.310993589743588,2025-01-01T03:00:00Z,2026-01-01T03:00:00Z,14.0,50,365
Manaus,13574642,pm1,µg/m³,6.51,6.506915339560153,0.4212899313618739,23.799822336214557,4.780450096979983,2025-01-01T04:00:00Z,2026-01-01T04:00:00Z,17.0,62,365
Manaus,13574643,pm25,µg/m³,11.4,11.421978691725153,1.2584224523096863,34.9901938483671,8.835780950623915,2025-01-01T04:00:00Z,2026-01-01T04:00:00Z,17.0,62,365
Manaus,13574644,relativehumidity,%,51.1,51.11698323606451,43.98951044082643,58.50943924453522,51.104289577553175,2025-01-01T04:00:00Z,2026-01-01T04:00:00Z,17.0,62,365
Manaus,13574645,temperature,c,31.2,31.2422554519822,27.904197326633664,33.2770185350268,31.426764744434898,2025-01-01T04:00:00Z,2026-01-01T04:00:00Z,17.0,62,365
Manaus,13574646,um003,particles/cm³,551.0,550.782473564298,238.68897302945456,1489.2490381364469,477.3833573508185,2025-01-01T04:00:00Z,2026-01-01T04:00:00Z,17.0,62,365
Belém,12597358,pm1,µg/m³,3.07,3.0685929991512926,0.2215347226657387,9.398111719250057,2.429058618434696,2025-01-01T03:00:00Z,2026-01-01T03:00:00Z,32.0,116,365
Belém,12597359,pm25,µg/m³,5.84,5.843514446695659,1.1072557985439255,15.565887740718717,4.955659735449848,2025-01-01T03:00:00Z,2026-01-01T03:00:00Z,32.0,116,365
Belém,12597360,relativehumidity,%,60.3,60.306257302507454,54.75572562217713,70.79457858468399,60.07120367553499,2025-01-01T03:00:00Z,2026-01-01T03:00:00Z,32.0,116,365
Belém,12597361,temperature,c,29.2,29.21367341575833,26.77915600367955,30.621168315410614,29.16259546081225,2025-01-01T03:00:00Z,2026-01-01T03:00:00Z,32.0,116,365
Belém,12597362,um003,particles/cm³,384.0,383.69160414911426,185.00706308417853,837.8465794154578,349.29383776284226,2025-01-01T03:00:00Z,2026-01-01T03:00:00Z,32.0,116,365
Guarulhos,13673,no2,µg/m³,30.7,30.68417078935647,7.363636493682861,90.0,27.954545974731445,2017-01-01T02:00:00Z,2018-01-01T02:00:00Z,22.0,79,365
Guarulhos,13674,o3,µg/m³,49.3,49.263723657244725,3.8888888359069824,89.0,51.0238094329834,2017-01-01T02:00:00Z,2018-01-01T02:00:00Z,23.0,84,365
Guarulhos,13674,o3,µg/m³,37.0,36.977923523279884,0.3333333432674408,71.16666412353516,36.02083396911621,2021-01-01T03:00:00Z,2022-01-01T03:00:00Z,90.0,328,365
Guarulhos,13674,o3,µg/m³,33.9,33.94263160528418,1.6666666269302368,76.95833587646484,33.4375,2022-01-01T03:00:00Z,2023-01-01T03:00:00Z,98.0,358,365
Guarulhos,13674,o3,µg/m³,32.4,32.37312700837255,6.333333333333333,58.541666666666664,33.16666793823242,2023-01-01T03:00:00Z,2024-01-01T03:00:00Z,14.0,51,365
Guarulhos,13675,pm10,µg/m³,40.5,40.487903240250375,6.363636493682861,86.8499984741211,36.7593994140625,2017-01-01T02:00:00Z,2018-01-01T02:00:00Z,22.0,82,365
Guarulhos,13675,pm10,µg/m³,26.6,26.59608703705484,6.416666507720947,106.76923370361328,22.041666666666668,2021-01-01T03:00:00Z,2022-01-01T03:00:00Z,90.0,330,365
Guarulhos,13675,pm10,µg/m³,25.5,25.537647144754505,4.0,85.0,21.83333396911621,2022-01-01T03:00:00Z,2023-01-01T03:00:00Z,98.0,358,365
Guarulhos,13675,pm10,µg/m³,20.0,20.001956699786213,6.375,53.916666666666664,16.708333333333332,2023-01-01T03:00:00Z,2024-01-01T03:00:00Z,14.0,51,365
Guarulhos,13676,pm25,µg/m³,23.5,23.505037128224092,9.545454978942871,46.45000076293945,20.863636016845703,2017-01-01T02:00:00Z,2018-01-01T02:00:00Z,23.0,85,365
Guarulhos,13676,pm25,µg/m³,15.5,15.526874144908533,0.6666666666666666,56.33333206176758,13.5,2021-01-01T03:00:00Z,2022-01-01T03:00:00Z,85.0,311,365
Guarulhos,13676,pm25,µg/m³,14.8,14.848030070884754,0.2916666567325592,47.08333206176758,13.25,2022-01-01T03:00:00Z,2023-01-01T03:00:00Z,97.0,354,365
Guarulhos,13676,pm25,µg/m³,12.3,12.305239560739649,0.0,32.705882352941174,11.916666666666666,2023-01-01T03:00:00Z,2024-01-01T03:00:00Z,14.0,51,365
Campinas,13633,co,ppm,0.45,0.4496388012849832,0.21578946709632874,0.7300000190734863,0.4529411792755127,2017-01-01T02:00:00Z,2018-01-01T02:00:00Z,22.0,79,365
Campinas,13638,no2,µg/m³,22.6,22.584411108041113,5.2727274894714355,47.894737243652344,21.899999618530273,2017-01-01T02:00:00Z,2018-01-01T02:00:00Z,22.0,79,365
Campinas,13616,o3,µg/m³,53.5,53.52033805541503,1.7999999523162842,86.0,53.67464065551758,2017-01-01T02:00:00Z,2018-01-01T02:00:00Z,21.0,78,365
Campinas,13616,o3,µg/m³,39.8,39.81549014490852,9.666666984558105,85.33333333333333,39.043479919433594,2021-01-01T03:00:00Z,2022-01-01T03:00:00Z,85.0,311,365
Campinas,13616,o3,µg/m³,40.0,39.962756383344065,6.400000095367432,77.90908813476562,39.58695602416992,2022-01-01T03:00:00Z,2023-01-01T03:00:00Z,87.0,318,365
Campinas,13616,o3,µg/m³,36.5,36.464875347673434,8.0,61.34782608695652,35.130434782608695,2023-01-01T03:00:00Z,2024-01-01T03:00:00Z,14.0,51,365
Campinas,13639,pm25,µg/m³,25.2,25.1617222556585,5.818181991577148,58.0,22.863636016845703,2017-01-01T02:00:00Z,2018-01-01T02:00:00Z,22.0,79,365
Campinas,13639,pm25,µg/m³,16.0,16.019757308228044,0.0,49.16666793823242,13.75,2021-01-01T03:00:00Z,2022-01-01T03:00:00Z,80.0,291,365
Campinas,13639,pm25,µg/m³,15.0,14.970916118261949,0.0,67.0999984741211,12.958333015441895,2022-01-01T03:00:00Z,2023-01-01T03:00:00Z,87.0,318,365
Campinas,13639,pm25,µg/m³,11.9,11.926526891497073,4.5,26.333333333333332,10.333333333333334,2023-01-01T03:00:00Z,2024-01-01T03:00:00Z,14.0,51,365
Campinas,13636,no2,µg/m³,21.6,21.646292011737824,3.6363637447357178,59.0,20.508658409118652,2017-01-01T02:00:00Z,2018-01-01T02:00:00Z,27.0,100,365
Campinas,13636,no2,µg/m³,14.4,14.39669035388544,0.0,82.5,10.681159579235574,2021-01-01T03:00:00Z,2022-01-01T03:00:00Z,82.0,300,365
Campinas,13636,no2,µg/m³,6.5,6.497538614679467,0.0,40.38888931274414,5.44444465637207,2022-01-01T03:00:00Z,2023-01-01T03:00:00Z,9.0,33,365
Campinas,13636,no2,µg/m³,9.23,9.23086627275448,0.10526315789473684,23.214285714285715,8.5,2023-01-01T03:00:00Z,2024-01-01T03:00:00Z,11.0,39,365
Campinas,13637,o3,µg/m³,58.0,57.975695600509646,10.105262756347656,101.0,58.212120056152344,2017-01-01T02:00:00Z,2018-01-01T02:00:00Z,27.0,100,365
Campinas,13637,o3,µg/m³,48.3,48.30181888958317,0.0,111.65217391304348,47.5,2021-01-01T03:00:00Z,2022-01-01T03:00:00Z,89.0,326,365
Campinas,13637,o3,µg/m³,46.0,45.99731529530862,3.0,104.0,45.787723541259766,2022-01-01T03:00:00Z,2023-01-01T03:00:00Z,76.0,278,365
Campinas,13637,o3,µg/m³,49.7,49.70460732694715,1.2222222222222223,98.54545454545455,50.40579710144928,2023-01-01T03:00:00Z,2024-01-01T03:00:00Z,10.0,38,365
Campinas,13629,pm10,µg/m³,29.7,29.6754882144928,5.0,68.0,27.17391300201416,2017-01-01T02:00:00Z,2018-01-01T02:00:00Z,27.0,100,365
Campinas,13629,pm10,µg/m³,22.0,22.04979871998326,1.476190447807312,94.29166412353516,18.404762268066406,2021-01-01T03:00:00Z,2022-01-01T03:00:00Z,89.0,326,365
Campinas,13629,pm10,µg/m³,21.8,21.787278416299987,4.0,64.25,19.38888931274414,2022-01-01T03:00:00Z,2023-01-01T03:00:00Z,78.0,283,365
Campinas,13629,pm10,µg/m³,16.5,16.455895897006144,6.777777777777778,29.666666666666668,15.416666666666666,2023-01-01T03:00:00Z,2024-01-01T03:00:00Z,12.0,42,365
Campinas,13634,co,ppm,0.653,0.653102967441082,0.2818181812763214,0.9764705896377563,0.6840909123420715,2017-01-01T02:00:00Z,2018-01-01T02:00:00Z,27.0,100,365
Campinas,13634,co,ppm,0.549,0.5489306958659755,0.0,1.8833333253860474,0.539130449295044,2021-01-01T03:00:00Z,2022-01-01T03:00:00Z,72.0,264,365
Campinas,13634,co,ppm,0.542,0.5419590831463357,0.17619048058986664,1.0478260517120361,0.54347825050354,2022-01-01T03:00:00Z,2023-01-01T03:00:00Z,99.0,361,365
Campinas,13634,co,ppm,0.494,0.49351765635904377,0.0,0.7666666666666666,0.5255434782608694,2023-01-01T03:00:00Z,2024-01-01T03:00:00Z,13.0,48,365
Campinas,13635,pm10,µg/m³,33.1,33.06971489906311,13.5,63.0,31.302173614501953,2017-01-01T02:00:00Z,2018-01-01T02:00:00Z,27.0,100,365
Campinas,13635,pm10,µg/m³,25.1,25.107465065709274,0.0,76.125,23.842262268066406,2021-01-01T03:00:00Z,2022-01-01T03:00:00Z,92.0,336,365
Campinas,13635,pm10,µg/m³,24.5,24.509206766610617,9.458333015441895,98.66666412353516,22.33333396911621,2022-01-01T03:00:00Z,2023-01-01T03:00:00Z,100.0,364,365
Campinas,13635,pm10,µg/m³,23.4,23.405894274384465,0.0,103.66666666666667,19.291666984558105,2023-01-01T03:00:00Z,2024-01-01T03:00:00Z,13.0,48,365
Duque de Caxias,4475449,co,ppm,0.466,0.46641317560013196,0.019565217391304346,1.9249999999999998,0.4265217374977859,2023-01-01T03:00:00Z,2024-01-01T03:00:00Z,70.0,256,365
Duque de Caxias,4475449,co,ppm,0.425,0.42535802872286776,0.1853846153846154,1.125333309173584,0.3915336134453782,2024-01-01T03:00:00Z,2025-01-01T03:00:00Z,96.0,352,366
Duque de Caxias,4475449,co,ppm,1.02,1.0196391020218907,-0.11416666666666668,43.77,0.4075000000000001,2025-01-01T03:00:00Z,2026-01-01T03:00:00Z,59.0,216,365
Duque de Caxias,4475462,no,µg/m³,17.6,17.647066750425864,1.2769999504089355,111.70600000000002,10.946521739130436,2023-01-01T03:00:00Z,2024-01-01T03:00:00Z,70.0,255,365
Duque de Caxias,4475462,no,µg/m³,13.8,13.842420835681619,0.8,114.29666666666667,7.666923076923077,2024-01-01T03:00:00Z,2025-01-01T03:00:00Z,86.0,313,366
Duque de Caxias,4475462,no,µg/m³,15.6,15.634588930361703,0.5157142857142857,243.85,8.967500000000003,2025-01-01T03:00:00Z,2026-01-01T03:00:00Z,76.0,279,365
Duque de Caxias,4475455,no2,µg/m³,41.9,41.906282238416,13.62782608695652,138.805,40.07833333333334,2023-01-01T03:00:00Z,2024-01-01T03:00:00Z,70.0,255,365
Duque de Caxias,4475455,no2,µg/m³,31.1,31.124843916651177,9.341999999999999,73.99000000000001,30.512857142857143,2024-01-01T03:00:00Z,2025-01-01T03:00:00Z,86.0,313,366
Duque de Caxias,4475455,no2,µg/m³,34.3,34.333826198596064,2.2670833333333333,75.94041666666668,34.38916666666666,2025-01-01T03:00:00Z,2026-01-01T03:00:00Z,79.0,289,365
Duque de Caxias,4475466,nox,µg/m³,59.4,59.40841622647293,16.764545440673828,211.48000000000002,53.32043478260869,2023-01-01T03:00:00Z,2024-01-01T03:00:00Z,70.0,255,365
Duque de Caxias,4475466,nox,µg/m³,45.3,45.298889968837514,11.33,231.25666666666666,36.96000000000001,2024-01-01T03:00:00Z,2025-01-01T03:00:00Z,86.0,313,366
Duque de Caxias,4475466,nox,µg/m³,51.8,51.814989798571766,9.727142857142857,321.55,44.586666666666666,2025-01-01T03:00:00Z,2026-01-01T03:00:00Z,76.0,279,365
Duque de Caxias,6459542,o3,µg/m³,41.7,41.6929400814517,2.02,128.2029166666667,38.545833333333334,2023-01-01T03:00:00Z,2024-01-01T03:00:00Z,48.0,177,365
Duque de Caxias,6459542,o3,µg/m³,44.0,43.97558070016838,4.965,141.79,42.36156249999999,2024-01-01T03:00:00Z,2025-01-01T03:00:00Z,95.0,348,366
Duque de Caxias,6459542,o3,µg/m³,39.0,39.00569960872422,9.113636363636365,102.09583333333335,37.93333333333334,2025-01-01T03:00:00Z,2026-01-01T03:00:00Z,77.0,282,365
Duque de Caxias,4475454,pm10,µg/m³,27.5,27.513522197178414,2.4695833333333335,134.5,23.04114583333333,2023-01-01T03:00:00Z,2024-01-01T03:00:00Z,72.0,264,365
Duque de Caxias,4475454,pm10,µg/m³,31.8,31.79239080289031,3.001111111111111,92.58357142857143,26.36809523809524,2024-01-01T03:00:00Z,2025-01-01T03:00:00Z,98.0,357,366
Duque de Caxias,4475454,pm10,µg/m³,25.2,25.22210834862472,3.4920833333333334,67.19708333333332,22.923333333333332,2025-01-01T03:00:00Z,2026-01-01T03:00:00Z,78.0,285,365
Duque de Caxias,6819305,pm25,µg/m³,8.72,8.717577892510661,0.0,40.54875,7.456576923076923,2023-01-01T03:00:00Z,2024-01-01T03:00:00Z,36.0,130,365
Duque de Caxias,6819305,pm25,µg/m³,13.3,13.334004374367046,0.0,57.32133483886719,10.421242424242424,2024-01-01T03:00:00Z,2025-01-01T03:00:00Z,97.0,356,366
Duque de Caxias,6819305,pm25,µg/m³,8.6,8.602586623162143,0.0,38.18,7.149583333333335,2025-01-01T03:00:00Z,2026-01-01T03:00:00Z,76.0,277,365
Duque de Caxias,11268993,so2,µg/m³,7.51,7.509604958638696,2.2423076923076923,21.013636363636365,7.2444444444444445,2024-01-01T03:00:00Z,2025-01-01T03:00:00Z,14.0,51,366
Duque de Caxias,11268993,so2,µg/m³,9.43,9.432871288427641,0.7883333333333332,87.03400000000002,7.951124999999999,2025-01-01T03:00:00Z,2026-01-01T03:00:00Z,57.0,208,365
Duque de Caxias,13626666,pm10,µg/m³,20.3,20.305283936363065,1.9887499999999996,44.935,19.730464743589742,2025-01-01T03:00:00Z,2026-01-01T03:00:00Z,25.0,92,365
Duque de Caxias,13626663,pm25,µg/m³,10.2,10.169655396844407,1.1179166666666667,30.37,8.929048913043479,2025-01-01T03:00:00Z,2026-01-01T03:00:00Z,25.0,92,365
Duque de Caxias,13626665,pm10,µg/m³,18.3,18.28933507386766,1.6866666666666665,44.945,16.924166666666665,2025-01-01T03:00:00Z,2026-01-01T03:00:00Z,25.0,92,365
Duque de Caxias,13668682,pm25,µg/m³,9.27,9.272740874850925,1.02375,23.424166666666665,8.040000000000001,2025-01-01T03:00:00Z,2026-01-01T03:00:00Z,25.0,91,365
Duque de Caxias,13626933,pm10,µg/m³,19.1,19.098980371052743,1.8070833333333332,34.22,18.92375,2025-01-01T03:00:00Z,2026-01-01T03:00:00Z,25.0,92,365
Duque de Caxias,13626931,pm25,µg/m³,9.11,9.11167050379844,0.9904166666666666,20.89083333333333,8.256875,2025-01-01T03:00:00Z,2026-01-01T03:00:00Z,25.0,92,365
Duque de Caxias,13675687,pm10,µg/m³,21.9,21.900868982665536,1.727083333333333,42.03791666666667,21.604166666666668,2025-01-01T03:00:00Z,2026-01-01T03:00:00Z,25.0,90,365
Duque de Caxias,13626936,pm25,µg/m³,11.7,11.700497870265599,1.0250000000000001,31.285,10.864791666666669,2025-01-01T03:00:00Z,2026-01-01T03:00:00Z,25.0,92,365
Duque de Caxias,13626935,pm10,µg/m³,25.7,25.688350565838274,2.26375,59.62,25.174374999999998,2025-01-01T03:00:00Z,2026-01-01T03:00:00Z,25.0,92,365
Duque de Caxias,13668937,pm25,µg/m³,10.7,10.718696761201693,1.1812500000000001,25.107916666666668,10.034166666666666,2025-01-01T03:00:00Z,2026-01-01T03:00:00Z,25.0,91,365
Duque de Caxias,14021288,pm10,µg/m³,23.2,23.23688906200719,3.6129166666666674,37.41666666666667,23.806041666666665,2025-01-01T03:00:00Z,2026-01-01T03:00:00Z,13.0,48,365
Duque de Caxias,14035548,pm25,µg/m³,10.6,10.585007875373158,2.1966666666666663,23.101666666666663,9.463333333333333,2025-01-01T03:00:00Z,2026-01-01T03:00:00Z,13.0,47,365
São Bernardo do Campo,12743,o3,µg/m³,29.4,29.4317899117103,11.0,56.5,28.659090995788574,2017-01-01T02:00:00Z,2018-01-01T02:00:00Z,7.0,26,365
São Bernardo do Campo,12743,o3,µg/m³,35.6,35.600008234022084,0.0,79.5,33.444664001464844,2021-01-01T03:00:00Z,2022-01-01T03:00:00Z,93.0,338,365
São Bernardo do Campo,12743,o3,µg/m³,35.6,35.61692775906743,1.0,74.63636016845703,34.5625,2022-01-01T03:00:00Z,2023-01-01T03:00:00Z,91.0,333,365
São Bernardo do Campo,12743,o3,µg/m³,32.9,32.901980357147636,9.333333333333334,63.8125,33.6,2023-01-01T03:00:00Z,2024-01-01T03:00:00Z,12.0,43,365
São Bernardo do Campo,12744,pm10,µg/m³,28.9,28.93432727226844,11.800000190734863,57.5,25.91304302215576,2017-01-01T02:00:00Z,2018-01-01T02:00:00Z,7.0,26,365
São Bernardo do Campo,12744,pm10,µg/m³,23.4,23.42358767671331,0.0,70.75,20.29166603088379,2021-01-01T03:00:00Z,2022-01-01T03:00:00Z,93.0,338,365
São Bernardo do Campo,12744,pm10,µg/m³,24.8,24.794650063976164,0.0,123.0,21.9375,2022-01-01T03:00:00Z,2023-01-01T03:00:00Z,85.0,310,365
São Bernardo do Campo,12744,pm10,µg/m³,23.0,23.031471617678374,10.952380952380953,48.0,21.583333333333332,2023-01-01T03:00:00Z,2024-01-01T03:00:00Z,13.0,47,365
São Bernardo do Campo,13686,no2,µg/m³,31.3,31.26233218871441,7.363636493682861,74.47368621826172,30.380952835083008,2017-01-01T02:00:00Z,2018-01-01T02:00:00Z,27.0,97,365
São Bernardo do Campo,13686,no2,µg/m³,19.6,19.55895567104451,5.666666507720947,51.869564056396484,17.95652198791504,2021-01-01T03:00:00Z,2022-01-01T03:00:00Z,23.0,83,365
São Bernardo do Campo,13686,no2,µg/m³,21.0,21.041557490825653,1.0,60.0,19.694746017456055,2022-01-01T03:00:00Z,2023-01-01T03:00:00Z,18.0,64,365
São Bernardo do Campo,13686,no2,µg/m³,19.2,19.192142962047036,7.916666507720947,35.86666666666667,14.541666507720947,2023-01-01T03:00:00Z,2024-01-01T03:00:00Z,3.0,10,365
São Bernardo do Campo,13687,o3,µg/m³,49.1,49.104095993041994,5.0,104.76923370361328,48.15909004211426,2017-01-01T02:00:00Z,2018-01-01T02:00:00Z,27.0,100,365
São Bernardo do Campo,13687,o3,µg/m³,42.5,42.51829451360744,2.0,80.3043441772461,40.826087951660156,2021-01-01T03:00:00Z,2022-01-01T03:00:00Z,86.0,315,365
São Bernardo do Campo,13687,o3,µg/m³,43.0,42.99367307889752,4.666666507720947,100.93333435058594,41.0,2022-01-01T03:00:00Z,2023-01-01T03:00:00Z,90.0,328,365
São Bernardo do Campo,13687,o3,µg/m³,39.5,39.541635787586024,6.0,77.11111450195312,40.33578431372549,2023-01-01T03:00:00Z,2024-01-01T03:00:00Z,12.0,44,365
São Bernardo do Campo,13688,pm10,µg/m³,31.6,31.621565621073653,5.304347991943359,70.13043212890625,29.56225299835205,2017-01-01T02:00:00Z,2018-01-01T02:00:00Z,22.0,82,365
São Bernardo do Campo,13688,pm10,µg/m³,22.5,22.47445545126566,3.0,81.0,19.022727012634277,2021-01-01T03:00:00Z,2022-01-01T03:00:00Z,94.0,344,365
São Bernardo do Campo,13688,pm10,µg/m³,22.5,22.524530635566315,0.0,85.66666412353516,18.363636016845703,2022-01-01T03:00:00Z,2023-01-01T03:00:00Z,92.0,337,365
São Bernardo do Campo,13688,pm10,µg/m³,16.1,16.051363327511048,0.0,33.33333206176758,15.184782608695652,2023-01-01T03:00:00Z,2024-01-01T03:00:00Z,5.0,20,365
São Bernardo do Campo,13689,so2,µg/m³,3.44,3.4373678543481483,1.6363636255264282,6.333333492279053,3.25,2017-01-01T02:00:00Z,2018-01-01T02:00:00Z,23.0,83,365
São Bernardo do Campo,13689,so2,µg/m³,1.26,1.2614800392485908,0.0,5.5714287757873535,1.04347825050354,2021-01-01T03:00:00Z,2022-01-01T03:00:00Z,72.0,264,365
São Bernardo do Campo,13689,so2,µg/m³,0.991,0.9914594524097248,0.0,5.333333492279053,0.782608687877655,2022-01-01T03:00:00Z,2023-01-01T03:00:00Z,67.0,244,365
São Bernardo do Campo,13689,so2,µg/m³,0.505,0.5049150275111844,0.0,1.3333333333333333,0.4583333333333333,2023-01-01T03:00:00Z,2024-01-01T03:00:00Z,9.0,33,365
São Bernardo do Campo,13712,no2,µg/m³,27.1,27.081879144907,5.588235378265381,66.0,24.97677993774414,2017-01-01T02:00:00Z,2018-01-01T02:00:00Z,22.0,80,365
São Bernardo do Campo,13713,o3,µg/m³,46.0,45.9678319707895,1.3333333730697632,78.23809814453125,45.64285850524902,2017-01-01T02:00:00Z,2018-01-01T02:00:00Z,21.0,78,365
São Bernardo do Campo,13713,o3,µg/m³,36.5,36.45213971864816,3.6666667461395264,105.69230651855469,34.69565200805664,2021-01-01T03:00:00Z,2022-01-01T03:00:00Z,90.0,328,365
São Bernardo do Campo,13713,o3,µg/m³,37.6,37.554780693096525,1.0,84.0,36.45652198791504,2022-01-01T03:00:00Z,2023-01-01T03:00:00Z,93.0,338,365
São Bernardo do Campo,13713,o3,µg/m³,35.6,35.63450952924977,10.333333333333334,72.6875,34.43478260869565,2023-01-01T03:00:00Z,2024-01-01T03:00:00Z,14.0,51,365
São Bernardo do Campo,13714,pm10,µg/m³,45.8,45.755543545672765,10.692307472229004,95.21052551269531,42.366310119628906,2017-01-01T02:00:00Z,2018-01-01T02:00:00Z,21.0,76,365
São Bernardo do Campo,13714,pm10,µg/m³,38.6,38.62378615012758,2.75,135.3333282470703,34.0,2021-01-01T03:00:00Z,2022-01-01T03:00:00Z,73.0,266,365
São Bernardo do Campo,13714,pm10,µg/m³,30.4,30.414918269777438,0.0,117.66666412353516,26.125,2022-01-01T03:00:00Z,2023-01-01T03:00:00Z,94.0,343,365
São Bernardo do Campo,13714,pm10,µg/m³,24.8,24.815914428286547,7.666666666666667,48.083333333333336,24.625,2023-01-01T03:00:00Z,2024-01-01T03:00:00Z,14.0,51,365
São Bernardo do Campo,391207,pm25,µg/m³,13.8,13.763959346765223,0.5,49.33333206176758,11.333333015441895,2021-01-01T03:00:00Z,2022-01-01T03:00:00Z,91.0,331,365
São Bernardo do Campo,391207,pm25,µg/m³,13.7,13.660870644450188,0.30000001192092896,112.5,11.333333015441895,2022-01-01T03:00:00Z,2023-01-01T03:00:00Z,90.0,330,365
São Bernardo do Campo,391207,pm25,µg/m³,12.3,12.32029804924474,2.125,23.333333333333332,12.466666666666667,2023-01-01T03:00:00Z,2024-01-01T03:00:00Z,14.0,51,365
São Bernardo do Campo,391214,no2,µg/m³,25.9,25.930612217007287,0.0,71.0,22.87228298187256,2021-01-01T03:00:00Z,2022-01-01T03:00:00Z,86.0,314,365
São Bernardo do Campo,391214,no2,µg/m³,23.4,23.43214801037112,0.0,79.0,21.297101974487305,2022-01-01T03:00:00Z,2023-01-01T03:00:00Z,98.0,358,365
São Bernardo do Campo,391214,no2,µg/m³,19.9,19.90561064743662,6.458333492279053,36.666666666666664,18.75,2023-01-01T03:00:00Z,2024-01-01T03:00:00Z,14.0,50,365
São Bernardo do Campo,13750,o3,µg/m³,48.5,48.51123482347971,4.333333492279053,85.52381134033203,47.727272033691406,2017-01-01T02:00:00Z,2018-01-01T02:00:00Z,23.0,83,365
São Bernardo do Campo,13750,o3,µg/m³,42.6,42.617126712334986,0.0,81.0,43.08695602416992,2021-01-01T03:00:00Z,2022-01-01T03:00:00Z,80.0,293,365
São Bernardo do Campo,13750,o3,µg/m³,39.5,39.480767425526395,2.3333332538604736,97.52173614501953,37.95833396911621,2022-01-01T03:00:00Z,2023-01-01T03:00:00Z,98.0,356,365
São Bernardo do Campo,13750,o3,µg/m³,33.6,33.631560937085396,10.4,55.958333333333336,35.10416666666667,2023-01-01T03:00:00Z,2024-01-01T03:00:00Z,14.0,50,365
São Bernardo do Campo,13751,pm10,µg/m³,36.4,36.35050378362816,12.0,74.47368621826172,34.21739196777344,2017-01-01T02:00:00Z,2018-01-01T02:00:00Z,23.0,83,365
São Bernardo do Campo,13751,pm10,µg/m³,29.0,29.023312138568325,0.0,106.66666412353516,25.10416603088379,2021-01-01T03:00:00Z,2022-01-01T03:00:00Z,94.0,342,365
São Bernardo do Campo,13751,pm10,µg/m³,27.5,27.53346434006324,4.666666507720947,81.79166412353516,24.16666603088379,2022-01-01T03:00:00Z,2023-01-01T03:00:00Z,100.0,364,365
São Bernardo do Campo,13751,pm10,µg/m³,25.0,24.994374388383992,6.666666507720947,77.0,22.266666666666666,2023-01-01T03:00:00Z,2024-01-01T03:00:00Z,14.0,51,365
São Bernardo do Campo,13752,so2,µg/m³,2.93,2.9311838113680118,0.09090909361839294,10.263157844543457,2.6944445371627808,2017-01-01T02:00:00Z,2018-01-01T02:00:00Z,22.0,82,365
São Bernardo do Campo,13752,so2,µg/m³,3.07,3.067821533651968,0.0,13.333333015441895,2.5,2021-01-01T03:00:00Z,2022-01-01T03:00:00Z,89.0,324,365
São Bernardo do Campo,13752,so2,µg/m³,2.46,2.4569123617100823,0.0,23.0,1.8088768124580383,2022-01-01T03:00:00Z,2023-01-01T03:00:00Z,90.0,328,365
São Bernardo do Campo,13752,so2,µg/m³,2.11,2.1092562604018297,0.0,5.565217391304348,1.9375,2023-01-01T03:00:00Z,2024-01-01T03:00:00Z,14.0,50,365
São Bernardo do Campo,13753,co,ppm,0.592,0.5921115512028337,0.0,1.5125000476837158,0.5527569055557251,2017-01-01T02:00:00Z,2018-01-01T02:00:00Z,13.0,48,365
São Bernardo do Campo,13754,pm10,µg/m³,32.8,32.757868568102516,10.090909004211426,59.625,31.941176414489746,2017-01-01T02:00:00Z,2018-01-01T02:00:00Z,13.0,48,365
São Bernardo do Campo,13755,co,ppm,0.479,0.4786909182992163,0.20000000298023224,1.4111111164093018,0.43809524178504944,2017-01-01T02:00:00Z,2018-01-01T02:00:00Z,22.0,79,365
São Bernardo do Campo,13755,co,ppm,0.434,0.43379836029907104,0.16842105984687805,1.3571428060531616,0.365217387676239,2021-01-01T03:00:00Z,2022-01-01T03:00:00Z,85.0,309,365
São Bernardo do Campo,13755,co,ppm,0.442,0.4417977109965351,0.14347825944423676,3.4000000953674316,0.373913049697876,2022-01-01T03:00:00Z,2023-01-01T03:00:00Z,99.0,360,365
São Bernardo do Campo,13755,co,ppm,0.382,0.38214673077593986,0.18333333333333338,0.7666666666666666,0.3583333333333334,2023-01-01T03:00:00Z,2024-01-01T03:00:00Z,14.0,51,365
São Bernardo do Campo,13756,no2,µg/m³,32.0,31.981563651883924,5.454545497894287,77.27777862548828,30.46875,2017-01-01T02:00:00Z,2018-01-01T02:00:00Z,20.0,74,365
São Bernardo do Campo,13756,no2,µg/m³,23.3,23.33539403913638,5.043478488922119,68.85713958740234,19.529348373413086,2021-01-01T03:00:00Z,2022-01-01T03:00:00Z,94.0,344,365
São Bernardo do Campo,13756,no2,µg/m³,24.0,24.00636048890279,0.0,90.66666412353516,21.04166603088379,2022-01-01T03:00:00Z,2023-01-01T03:00:00Z,93.0,341,365
São Bernardo do Campo,13756,no2,µg/m³,26.5,26.47179238818192,5.0,94.33333333333333,21.38095238095238,2023-01-01T03:00:00Z,2024-01-01T03:00:00Z,14.0,51,365
São Bernardo do Campo,13757,o3,µg/m³,61.9,61.89637114126471,14.235294342041016,102.61904907226562,60.59090805053711,2017-01-01T02:00:00Z,2018-01-01T02:00:00Z,22.0,79,365
São Bernardo do Campo,13757,o3,µg/m³,44.8,44.785481835367634,1.6666666269302368,88.78260803222656,43.20000076293945,2021-01-01T03:00:00Z,2022-01-01T03:00:00Z,94.0,343,365
São Bernardo do Campo,13757,o3,µg/m³,42.9,42.923427389873254,3.6666667461395264,99.73912811279297,41.21286201477051,2022-01-01T03:00:00Z,2023-01-01T03:00:00Z,100.0,364,365
São Bernardo do Campo,13757,o3,µg/m³,42.2,42.22261777272154,11.333333333333334,73.45833333333333,45.25,2023-01-01T03:00:00Z,2024-01-01T03:00:00Z,14.0,51,365
São Bernardo do Campo,13758,pm25,µg/m³,21.8,21.75166304503815,4.909090995788574,43.85714340209961,22.0,2017-01-01T02:00:00Z,2018-01-01T02:00:00Z,22.0,79,365
São Bernardo do Campo,13758,pm25,µg/m³,14.4,14.398044067974368,1.6666666269302368,40.79166793823242,13.020833492279053,2021-01-01T03:00:00Z,2022-01-01T03:00:00Z,94.0,344,365
São Bernardo do Campo,13758,pm25,µg/m³,13.2,13.245112381629891,0.6666666865348816,46.0,11.729166507720947,2022-01-01T03:00:00Z,2023-01-01T03:00:00Z,100.0,364,365
São Bernardo do Campo,13758,pm25,µg/m³,11.7,11.67678592167716,2.5833332538604736,25.125,11.166666666666666,2023-01-01T03:00:00Z,2024-01-01T03:00:00Z,14.0,51,365
São Bernardo do Campo,13759,pm10,µg/m³,36.1,36.053642554283144,7.7272725105285645,93.86956787109375,33.48309135437012,2017-01-01T02:00:00Z,2018-01-01T02:00:00Z,27.0,100,365
São Bernardo do Campo,13759,pm10,µg/m³,24.9,24.87468472426657,0.0,75.7727279663086,21.41666603088379,2021-01-01T03:00:00Z,2022-01-01T03:00:00Z,93.0,338,365
São Bernardo do Campo,13759,pm10,µg/m³,24.8,24.82076072414019,0.5,107.66666412353516,20.469202995300293,2022-01-01T03:00:00Z,2023-01-01T03:00:00Z,94.0,342,365
São Bernardo do Campo,13759,pm10,µg/m³,22.1,22.12262504269033,11.291666984558105,48.333333333333336,21.58333396911621,2023-01-01T03:00:00Z,2024-01-01T03:00:00Z,12.0,45,365
Santo André,13617,o3,µg/m³,38.5,38.54258631638118,2.78947377204895,61.80952453613281,39.54411697387695,2017-01-01T02:00:00Z,2018-01-01T02:00:00Z,19.0,70,365
Santo André,13617,o3,µg/m³,49.4,49.413234630109834,11.666666984558105,89.3043441772461,48.60869598388672,2021-01-01T03:00:00Z,2022-01-01T03:00:00Z,39.0,143,365
Santo André,13617,o3,µg/m³,44.4,44.411831119542946,3.6666667461395264,98.86363983154297,43.565216064453125,2022-01-01T03:00:00Z,2023-01-01T03:00:00Z,93.0,341,365
Santo André,13617,o3,µg/m³,42.4,42.40463569716065,12.333333333333334,67.95652173913044,43.21739130434783,2023-01-01T03:00:00Z,2024-01-01T03:00:00Z,14.0,51,365
Osasco,13725,co,ppm,1.0,1.0009071648805992,0.3222222328186035,2.5999999046325684,0.9227272868156433,2017-01-01T02:00:00Z,2018-01-01T02:00:00Z,24.0,87,365
Osasco,13725,co,ppm,0.7,0.7001331575539835,0.16666666666666666,1.850000023841858,0.6391304135322571,2021-01-01T03:00:00Z,2022-01-01T03:00:00Z,92.0,334,365
Osasco,13725,co,ppm,0.792,0.7920489995177165,0.0,3.1458332538604736,0.699999988079071,2022-01-01T03:00:00Z,2023-01-01T03:00:00Z,93.0,339,365
Osasco,13725,co,ppm,0.661,0.6613522901154812,0.35833333333333334,1.1333333333333333,0.6749999999999999,2023-01-01T03:00:00Z,2024-01-01T03:00:00Z,14.0,51,365
Osasco,13726,no2,µg/m³,57.2,57.19662929162747,22.55555534362793,105.55000305175781,56.846052169799805,2017-01-01T02:00:00Z,2018-01-01T02:00:00Z,22.0,82,365
Osasco,13726,no2,µg/m³,47.5,47.49178126497256,15.363636016845703,115.91304016113281,45.0,2021-01-01T03:00:00Z,2022-01-01T03:00:00Z,82.0,299,365
Osasco,13726,no2,µg/m³,47.5,47.544622444525,17.39130401611328,93.45833587646484,46.10869598388672,2022-01-01T03:00:00Z,2023-01-01T03:00:00Z,90.0,328,365
Osasco,13726,no2,µg/m³,43.0,42.96680631730098,21.91666603088379,65.625,42.5,2023-01-01T03:00:00Z,2024-01-01T03:00:00Z,14.0,51,365
Osasco,13727,pm10,µg/m³,51.2,51.21733120804305,0.2666666805744171,140.39999389648438,47.30434799194336,2017-01-01T02:00:00Z,2018-01-01T02:00:00Z,25.0,91,365
Osasco,13727,pm10,µg/m³,38.1,38.111074504879014,7.666666666666667,163.2916717529297,31.520833333333336,2021-01-01T03:00:00Z,2022-01-01T03:00:00Z,93.0,340,365
Osasco,13727,pm10,µg/m³,34.7,34.71054678316888,0.0,131.3333282470703,29.58333396911621,2022-01-01T03:00:00Z,2023-01-01T03:00:00Z,94.0,343,365
Osasco,13727,pm10,µg/m³,24.8,24.76066852933433,10.375,42.541666666666664,25.0,2023-01-01T03:00:00Z,2024-01-01T03:00:00Z,14.0,51,365
Osasco,13560,pm25,µg/m³,26.2,26.177255833148955,0.5,48.650001525878906,26.062657356262207,2017-01-01T02:00:00Z,2018-01-01T02:00:00Z,16.0,60,365
Osasco,13560,pm25,µg/m³,21.3,21.325708671043564,3.857142925262451,106.0,17.625,2021-01-01T03:00:00Z,2022-01-01T03:00:00Z,93.0,340,365
Osasco,13560,pm25,µg/m³,19.0,18.974623826154616,3.0,66.66666412353516,16.125,2022-01-01T03:00:00Z,2023-01-01T03:00:00Z,96.0,351,365
Osasco,13560,pm25,µg/m³,16.3,16.33913161041189,5.416666507720947,37.0,15.333333333333334,2023-01-01T03:00:00Z,2024-01-01T03:00:00Z,14.0,51,365
Osasco,13623,so2,µg/m³,3.43,3.4322719265905657,0.0,10.666666984558105,3.25,2017-01-01T02:00:00Z,2018-01-01T02:00:00Z,24.0,89,365
Osasco,13623,so2,µg/m³,2.32,2.3166444906121852,0.6086956262588501,11.47826099395752,2.04347825050354,2021-01-01T03:00:00Z,2022-01-01T03:00:00Z,93.0,339,365
Osasco,13623,so2,µg/m³,2.76,2.759395630702828,0.3913043439388275,16.22222137451172,2.375,2022-01-01T03:00:00Z,2023-01-01T03:00:00Z,90.0,330,365
Osasco,13623,so2,µg/m³,1.94,1.9444732567271295,0.2,8.466666666666667,1.7958333134651183,2023-01-01T03:00:00Z,2024-01-01T03:00:00Z,13.0,48,365
Osasco,13624,co,ppm,0.779,0.7792133986949921,0.3100000023841858,2.2333333492279053,0.6968181729316711,2017-01-01T02:00:00Z,2018-01-01T02:00:00Z,23.0,84,365
Osasco,13624,co,ppm,1.08,1.0755405086646495,0.013333333656191826,3.8399999141693115,0.9000000059604645,2021-01-01T03:00:00Z,2022-01-01T03:00:00Z,59.0,216,365
Osasco,13624,co,ppm,0.934,0.9340684198519874,0.0,5.199999809265137,0.699999988079071,2022-01-01T03:00:00Z,2023-01-01T03:00:00Z,88.0,322,365
Osasco,13624,co,ppm,0.446,0.44606954608440325,0.0,1.0333333333333334,0.3857142857142858,2023-01-01T03:00:00Z,2024-01-01T03:00:00Z,10.0,37,365
Osasco,13794,no2,µg/m³,39.1,39.084588667925665,13.363636016845703,69.25,37.0,2017-01-01T02:00:00Z,2018-01-01T02:00:00Z,23.0,85,365
Osasco,13795,pm10,µg/m³,32.5,32.513436732572664,11.0,72.28571319580078,29.69565200805664,2017-01-01T02:00:00Z,2018-01-01T02:00:00Z,23.0,85,365
Osasco,13795,pm10,µg/m³,28.8,28.82531921491027,0.0,195.0,23.083333015441895,2021-01-01T03:00:00Z,2022-01-01T03:00:00Z,88.0,320,365
Osasco,13795,pm10,µg/m³,27.7,27.741817886782886,0.0,168.0,22.95833396911621,2022-01-01T03:00:00Z,2023-01-01T03:00:00Z,98.0,359,365
Osasco,13795,pm10,µg/m³,20.2,20.172564249441955,1.0,43.90909090909091,20.416666666666668,2023-01-01T03:00:00Z,2024-01-01T03:00:00Z,11.0,39,365
Osasco,13643,co,ppm,0.548,0.5475076282396912,0.10000000149011612,1.1571428775787354,0.530075192451477,2017-01-01T02:00:00Z,2018-01-01T02:00:00Z,22.0,80,365
Osasco,13643,co,ppm,0.374,0.37410995191974517,0.10000000149011612,0.7260869741439819,0.37826088070869446,2021-01-01T03:00:00Z,2022-01-01T03:00:00Z,35.0,129,365
Osasco,13643,co,ppm,0.466,0.46606169202748465,0.17916665971279144,1.7999999523162842,0.4208333194255829,2022-01-01T03:00:00Z,2023-01-01T03:00:00Z,98.0,357,365
Osasco,13643,co,ppm,0.426,0.4258742512329189,0.22083333134651184,0.8333333333333334,0.40416666666666673,2023-01-01T03:00:00Z,2024-01-01T03:00:00Z,14.0,51,365
Osasco,13644,no2,µg/m³,40.9,40.92951950845839,10.736842155456543,73.85713958740234,40.42856979370117,2017-01-01T02:00:00Z,2018-01-01T02:00:00Z,22.0,79,365
Osasco,13645,o3,µg/m³,47.0,46.974167620694196,2.809523820877075,94.38095092773438,45.04545593261719,2017-01-01T02:00:00Z,2018-01-01T02:00:00Z,22.0,81,365
Osasco,13645,o3,µg/m³,34.8,34.83829328372307,0.3333333432674408,69.21739196777344,33.78260803222656,2021-01-01T03:00:00Z,2022-01-01T03:00:00Z,89.0,326,365
Osasco,13645,o3,µg/m³,31.4,31.424737169519886,0.5,70.375,31.66666603088379,2022-01-01T03:00:00Z,2023-01-01T03:00:00Z,100.0,364,365
Osasco,13645,o3,µg/m³,31.5,31.520362385563182,1.3333333333333333,70.33333333333333,31.5,2023-01-01T03:00:00Z,2024-01-01T03:00:00Z,14.0,51,365
Osasco,13646,pm10,µg/m³,38.2,38.247347172395685,2.0,101.0,33.69565200805664,2017-01-01T02:00:00Z,2018-01-01T02:00:00Z,22.0,81,365
Osasco,13646,pm10,µg/m³,26.1,26.114954280498488,6.133333206176758,130.39999389648438,19.75,2021-01-01T03:00:00Z,2022-01-01T03:00:00Z,88.0,320,365
Osasco,13646,pm10,µg/m³,25.6,25.604747018393347,2.6666667461395264,109.66666412353516,20.966666221618652,2022-01-01T03:00:00Z,2023-01-01T03:00:00Z,93.0,340,365
Osasco,13646,pm10,µg/m³,19.5,19.543580762523007,4.166666507720947,41.75,18.875,2023-01-01T03:00:00Z,2024-01-01T03:00:00Z,14.0,51,365
Osasco,13732,no2,µg/m³,25.3,25.2538313653734,3.875,64.0,22.65320873260498,2017-01-01T02:00:00Z,2018-01-01T02:00:00Z,25.0,90,365
Osasco,13732,no2,µg/m³,16.0,15.95344751754511,3.25,52.69565200805664,14.608695983886719,2021-01-01T03:00:00Z,2022-01-01T03:00:00Z,81.0,297,365
Osasco,13732,no2,µg/m³,17.2,17.192747495149913,0.5,49.79166793823242,16.25,2022-01-01T03:00:00Z,2023-01-01T03:00:00Z,80.0,292,365
Osasco,13732,no2,µg/m³,14.8,14.788200302933435,5.565217391304348,48.0,13.166666666666666,2023-01-01T03:00:00Z,2024-01-01T03:00:00Z,14.0,51,365
Osasco,13733,o3,µg/m³,65.6,65.58959389792548,9.571428298950195,130.89999389648438,66.20158004760742,2017-01-01T02:00:00Z,2018-01-01T02:00:00Z,25.0,90,365
Osasco,13733,o3,µg/m³,55.6,55.56926663054884,2.0,142.2,51.9979305267334,2021-01-01T03:00:00Z,2022-01-01T03:00:00Z,83.0,304,365
Osasco,13733,o3,µg/m³,51.2,51.165081020035494,3.0,116.08333587646484,49.0625,2022-01-01T03:00:00Z,2023-01-01T03:00:00Z,95.0,346,365
Osasco,13733,o3,µg/m³,53.3,53.341613494554444,4.666666666666667,98.82608695652173,55.93333333333333,2023-01-01T03:00:00Z,2024-01-01T03:00:00Z,14.0,51,365
Osasco,13734,pm25,µg/m³,18.5,18.50620094007916,0.0,60.0,16.0238094329834,2017-01-01T02:00:00Z,2018-01-01T02:00:00Z,25.0,90,365
Osasco,13734,pm25,µg/m³,11.6,11.606404520439686,0.0,47.38461538461539,10.125,2021-01-01T03:00:00Z,2022-01-01T03:00:00Z,90.0,329,365
Osasco,13734,pm25,µg/m³,9.84,9.844103222278079,0.0,35.72222137451172,9.333333015441895,2022-01-01T03:00:00Z,2023-01-01T03:00:00Z,95.0,347,365
Osasco,13734,pm25,µg/m³,9.33,9.32697658585174,2.4166667461395264,21.88235294117647,8.666666666666666,2023-01-01T03:00:00Z,2024-01-01T03:00:00Z,14.0,51,365
Ribeirão Preto,13745,co,ppm,0.658,0.6577169048258021,0.22499999403953552,11.324999809265137,0.4681818187236786,2017-01-01T02:00:00Z,2018-01-01T02:00:00Z,22.0,79,365
Ribeirão Preto,13746,no2,µg/m³,14.1,14.076260740374341,3.6666667461395264,41.0,13.227272987365723,2017-01-01T02:00:00Z,2018-01-01T02:00:00Z,22.0,81,365
Ribeirão Preto,13747,o3,µg/m³,72.5,72.5067930848975,11.285714149475098,113.0,73.95454406738281,2017-01-01T02:00:00Z,2018-01-01T02:00:00Z,21.0,76,365
Ribeirão Preto,13748,pm10,µg/m³,55.3,55.25345437320662,15.608695983886719,158.13636779785156,52.78947448730469,2017-01-01T02:00:00Z,2018-01-01T02:00:00Z,22.0,81,365
Ribeirão Preto,13749,pm25,µg/m³,22.8,22.795368165145685,4.0,79.19999694824219,19.782608032226562,2017-01-01T02:00:00Z,2018-01-01T02:00:00Z,22.0,81,365
Ribeirão Preto,391205,co,ppm,0.55,0.5502329845565083,0.0,2.6083333333333334,0.4000000059604645,2021-01-01T03:00:00Z,2022-01-01T03:00:00Z,64.0,233,365
Ribeirão Preto,391205,co,ppm,0.505,0.5048418952679703,0.0,2.7909090518951416,0.4000000059604645,2022-01-01T03:00:00Z,2023-01-01T03:00:00Z,95.0,346,365
Ribeirão Preto,391205,co,ppm,0.387,0.3869020210773917,0.2695652173913044,0.7333333333333334,0.37391304347826093,2023-01-01T03:00:00Z,2024-01-01T03:00:00Z,14.0,51,365
Ribeirão Preto,391203,no2,µg/m³,7.66,7.659382260623848,0.0,38.5,7.043478488922119,2021-01-01T03:00:00Z,2022-01-01T03:00:00Z,48.0,175,365
Ribeirão Preto,391203,no2,µg/m³,10.1,10.104471888058427,2.86956524848938,33.33333206176758,9.538461685180664,2022-01-01T03:00:00Z,2023-01-01T03:00:00Z,95.0,345,365
Ribeirão Preto,391203,no2,µg/m³,8.32,8.315500145444283,3.5,18.0,8.0,2023-01-01T03:00:00Z,2024-01-01T03:00:00Z,14.0,51,365
Ribeirão Preto,391334,o3,µg/m³,55.6,55.61452372120144,19.33333396911621,105.46666666666667,53.65217208862305,2021-01-01T03:00:00Z,2022-01-01T03:00:00Z,72.0,263,365
Ribeirão Preto,391334,o3,µg/m³,47.4,47.36461672479707,10.333333015441895,90.0,45.58695602416992,2022-01-01T03:00:00Z,2023-01-01T03:00:00Z,95.0,346,365
Ribeirão Preto,391334,o3,µg/m³,39.1,39.121726072419484,8.0,60.869565217391305,40.65217391304348,2023-01-01T03:00:00Z,2024-01-01T03:00:00Z,14.0,51,365
Ribeirão Preto,391201,pm10,µg/m³,39.4,39.44952331451111,0.0,182.2083282470703,25.3125,2021-01-01T03:00:00Z,2022-01-01T03:00:00Z,72.0,264,365
Ribeirão Preto,391201,pm10,µg/m³,32.6,32.624219494747976,5.238095283508301,131.0416717529297,25.708333015441895,2022-01-01T03:00:00Z,2023-01-01T03:00:00Z,95.0,346,365
Ribeirão Preto,391201,pm10,µg/m³,17.4,17.418673923322327,5.291666507720947,41.916666666666664,15.083333333333334,2023-01-01T03:00:00Z,2024-01-01T03:00:00Z,14.0,51,365
Ribeirão Preto,391204,pm25,µg/m³,21.2,21.205219772470976,4.0,121.54166412353516,14.291666984558105,2021-01-01T03:00:00Z,2022-01-01T03:00:00Z,72.0,264,365
Ribeirão Preto,391204,pm25,µg/m³,14.2,14.15966521384399,2.933333396911621,49.375,12.354166507720947,2022-01-01T03:00:00Z,2023-01-01T03:00:00Z,95.0,346,365
Ribeirão Preto,391204,pm25,µg/m³,8.93,8.92927241234587,3.380952380952381,27.708333333333332,7.791666666666667,2023-01-01T03:00:00Z,2024-01-01T03:00:00Z,14.0,51,365
Sorocaba,13782,no2,µg/m³,15.9,15.890708919431342,0.0,59.66666793823242,13.476190567016602,2017-01-01T02:00:00Z,2018-01-01T02:00:00Z,17.0,61,365
Sorocaba,13782,no2,µg/m³,15.9,15.911840429672234,2.0,66.88888888888889,12.954545021057129,2021-01-01T03:00:00Z,2022-01-01T03:00:00Z,79.0,287,365
Sorocaba,13782,no2,µg/m³,17.1,17.064034465268172,2.86956524848938,47.4782600402832,14.692753791809082,2022-01-01T03:00:00Z,2023-01-01T03:00:00Z,99.0,362,365
Sorocaba,13782,no2,µg/m³,13.0,13.017855385785165,2.5652174949645996,31.0,11.91304347826087,2023-01-01T03:00:00Z,2024-01-01T03:00:00Z,14.0,51,365
Sorocaba,13783,o3,µg/m³,56.6,56.56748428711524,0.0,91.7727279663086,55.71428680419922,2017-01-01T02:00:00Z,2018-01-01T02:00:00Z,18.0,65,365
Sorocaba,13783,o3,µg/m³,37.4,37.42685768396098,0.0,74.75,37.0009880065918,2021-01-01T03:00:00Z,2022-01-01T03:00:00Z,80.0,292,365
Sorocaba,13783,o3,µg/m³,33.2,33.2343248801127,0.20000000298023224,59.260868072509766,32.956520080566406,2022-01-01T03:00:00Z,2023-01-01T03:00:00Z,97.0,354,365
Sorocaba,13783,o3,µg/m³,30.3,30.262308631428986,3.0,49.56521739130435,31.782608032226562,2023-01-01T03:00:00Z,2024-01-01T03:00:00Z,14.0,51,365
Sorocaba,13784,pm10,µg/m³,33.7,33.672428097444424,8.5,81.71428680419922,30.428571701049805,2017-01-01T02:00:00Z,2018-01-01T02:00:00Z,23.0,85,365
Sorocaba,13784,pm10,µg/m³,23.4,23.423807490939076,7.333333492279053,126.0,20.625,2021-01-01T03:00:00Z,2022-01-01T03:00:00Z,81.0,297,365
Sorocaba,13784,pm10,µg/m³,24.4,24.379270443625728,0.0,65.0,21.217391967773438,2022-01-01T03:00:00Z,2023-01-01T03:00:00Z,99.0,361,365
Sorocaba,13784,pm10,µg/m³,20.9,20.87028579547761,10.458333015441895,32.5625,19.958333333333332,2023-01-01T03:00:00Z,2024-01-01T03:00:00Z,14.0,51,365
